{"cameraMode":{"drawMode":0,"name":"Shaded","section":"Shading Mode"},"sceneLighting":true,"audioPlay":false,"sceneViewState":{"m_AlwaysRefresh":false,"showFog":true,"showSkybox":true,"showFlares":true,"showImageEffects":true,"showParticleSystems":true,"showVisualEffectGraphs":true,"m_FxEnabled":true},"in2DMode":false,"pivot":{"x":1.636754035949707,"y":-0.7129835486412048,"z":16.207998275756837},"rotation":{"x":0.12355414032936096,"y":-0.020837459713220598,"z":0.0025948972906917335,"w":0.9921168088912964},"size":9.047329902648926,"orthographic":false}